voro_time,voro_space
5.166591167449951,93008
4.458205461502075,111312
4.450995206832886,94256
2.7526276111602783,94672
4.912801504135132,96544
4.259486198425293,93840
2.281342029571533,93424
