voro_time,voro_space
6.020199775695801,60144
4.052440881729126,87600
4.266372442245483,65136
4.446165323257446,68672
4.2970499992370605,87808
5.902680397033691,68880
4.111904859542847,77824
