voro_time,voro_space
5.59891676902771,63264
6.28593373298645,87600
6.434932708740234,59520
6.133196830749512,95920
4.196079969406128,40592
7.321290969848633,94672
4.276415586471558,71168
