voro_ss,voro_hd,voro_mse
0.9995963699466067,1740,106.29044662566534
0.9999035683421513,1598,134.133895215403
0.984497929226176,1880,132.7613859000538
0.9998455677750567,1610,132.8039651383247
0.9999315575398872,1686,82.6465424295599
0.9999359081921106,1692,96.14247677551408
0.9987646905312295,1760,105.18803254470272
