voro_time,voro_space
4.313635587692261,99248
2.6441004276275635,108608
4.53740119934082,80736
4.819367170333862,100080
4.948844909667969,72624
4.1901774406433105,107152
4.360258340835571,95920
