voro_time,voro_space
4.919119358062744,7520
3.979022264480591,228624
2.158287763595581,5232
7.502853870391846,18128
6.630155086517334,21872
4.7289159297943115,4400
5.148082494735718,39760
